/* ===== tb_user ===== */
CREATE TABLE tb_user (
  user_id           VARCHAR2(255)       PRIMARY KEY,
  user_email        VARCHAR2(255)       NOT NULL,
  user_name         VARCHAR2(50)        NOT NULL,
  user_nickname     VARCHAR2(50)        NOT NULL,
  user_pwd          VARCHAR2(255)       NOT NULL,
  USER_STATUS	      VARCHAR2(20)	      DEFAULT 'ACTIVE' NOT NULL, 
  WITHDRAWN_AT	    TIMESTAMP           NULL,
  user_isadmin      CHAR(1)             DEFAULT 'N' NOT NULL,
  created_at        TIMESTAMP           DEFAULT SYSTIMESTAMP NOT NULL,
  created_by        VARCHAR2(255)       NOT NULL,
  updated_at        TIMESTAMP           NULL,
  updated_by        VARCHAR2(255)       NULL
);

CREATE UNIQUE INDEX ux_tb_user_email ON tb_user (user_email);
CREATE UNIQUE INDEX ux_tb_user_nickname ON tb_user (user_nickname);

COMMENT ON COLUMN tb_user.user_pwd IS '비밀번호는 반드시 서버측에서 안전한 해시(Argon2/Bcrypt 등)로 저장할 것';

/* ===== tb_user_image ===== */
CREATE TABLE tb_user_image (
  user_image_id     NUMBER GENERATED BY DEFAULT ON NULL AS IDENTITY PRIMARY KEY,
  user_id           VARCHAR2(255)       NOT NULL,
  user_image_url    VARCHAR2(500)       NOT NULL,
  user_image_path   VARCHAR2(500)       NOT NULL,
  created_at        TIMESTAMP           DEFAULT SYSTIMESTAMP NOT NULL,
  created_by        VARCHAR2(255)       NOT NULL,
  updated_at        TIMESTAMP           NULL,
  updated_by        VARCHAR2(255)       NULL
);

CREATE INDEX idx_user_image_userid ON tb_user_image (user_id);

/* ===== tb_notice ===== */
CREATE TABLE tb_notice (
  notice_id         NUMBER GENERATED BY DEFAULT ON NULL AS IDENTITY PRIMARY KEY,
  user_id           VARCHAR2(255)       NOT NULL,
  notice_title      VARCHAR2(255)       NOT NULL,
  notice_content    VARCHAR2(1000)      NOT NULL,
  created_at        TIMESTAMP           DEFAULT SYSTIMESTAMP NOT NULL,
  created_by        VARCHAR2(255)       NOT NULL,
  updated_at        TIMESTAMP           NULL,
  updated_by        VARCHAR2(255)       NULL
);

CREATE INDEX idx_notice_created_at ON tb_notice (created_at);

/* ===== tb_recipe ===== */
CREATE TABLE tb_recipe (
  recipe_id                   NUMBER GENERATED BY DEFAULT ON NULL AS IDENTITY PRIMARY KEY,
  user_id                     VARCHAR2(255)       NOT NULL,
  recipe_title                VARCHAR2(255)       NOT NULL,
  recipe_main_ingredient      VARCHAR2(255)       NOT NULL,
  recipe_content              CLOB                NOT NULL,
  created_at                  TIMESTAMP           DEFAULT SYSTIMESTAMP NOT NULL,
  created_by                  VARCHAR2(255)       NOT NULL,
  updated_at                  TIMESTAMP           NULL,
  updated_by                  VARCHAR2(255)       NULL
);

CREATE INDEX idx_recipe_userid ON tb_recipe (user_id);
CREATE INDEX idx_recipe_created_at ON tb_recipe (created_at);

COMMENT ON COLUMN tb_recipe.recipe_content IS '팁 & 소감 (최대 500자, 리액트에서 tip으로 사용)';

/* ===== tb_recipe_detail_ingredient ===== */
CREATE TABLE tb_recipe_detail_ingredient (
  recipe_detail_ingredient_id NUMBER GENERATED BY DEFAULT ON NULL AS IDENTITY PRIMARY KEY,
  recipe_id                   NUMBER               NOT NULL,
  recipe_detail_ingredient_content VARCHAR2(255) NOT NULL,
  recipe_detail_ingredient_index   NUMBER        NOT NULL,
  created_at                  TIMESTAMP           DEFAULT SYSTIMESTAMP NOT NULL,
  created_by                  VARCHAR2(255)       NOT NULL,
  updated_at                  TIMESTAMP           NULL,
  updated_by                  VARCHAR2(255)       NULL
);

CREATE INDEX idx_rdi_recipeid ON tb_recipe_detail_ingredient (recipe_id);

/* ===== tb_recipe_order ===== */
CREATE TABLE tb_recipe_order (
  recipe_order_id    NUMBER GENERATED BY DEFAULT ON NULL AS IDENTITY PRIMARY KEY,
  recipe_id          NUMBER               NOT NULL,
  recipe_order_content VARCHAR2(500)     NOT NULL,
  recipe_order_index NUMBER               NOT NULL,
  created_at         TIMESTAMP           DEFAULT SYSTIMESTAMP NOT NULL,
  created_by         VARCHAR2(255)       NOT NULL,
  updated_at         TIMESTAMP           NULL,
  updated_by         VARCHAR2(255)       NULL
);

CREATE INDEX idx_ro_recipeid ON tb_recipe_order (recipe_id);

/* ===== tb_recipe_image ===== */
CREATE TABLE tb_recipe_image (
  recipe_image_id    NUMBER GENERATED BY DEFAULT ON NULL AS IDENTITY PRIMARY KEY,
  recipe_id          NUMBER               NOT NULL,
  recipe_image_url   VARCHAR2(500)       NOT NULL,
  recipe_image_path  VARCHAR2(500)       NOT NULL,
  recipe_image_index NUMBER               NOT NULL,
  created_at         TIMESTAMP           DEFAULT SYSTIMESTAMP NOT NULL,
  created_by         VARCHAR2(255)       NOT NULL,
  updated_at         TIMESTAMP           NULL,
  updated_by         VARCHAR2(255)       NULL,
  CONSTRAINT ux_ri_recipe_image_index UNIQUE (recipe_id, recipe_image_index)
);

CREATE INDEX idx_ri_recipeid ON tb_recipe_image (recipe_id);

/* ===== tb_recipe_comment ===== */
CREATE TABLE tb_recipe_comment (
  recipe_comment_id  NUMBER GENERATED BY DEFAULT ON NULL AS IDENTITY PRIMARY KEY,
  recipe_id          NUMBER               NOT NULL,
  user_id            VARCHAR2(255)       NOT NULL,
  recipe_comment_content VARCHAR2(500)   NOT NULL,
  created_at         TIMESTAMP           DEFAULT SYSTIMESTAMP NOT NULL,
  created_by         VARCHAR2(255)       NOT NULL,
  updated_at         TIMESTAMP           NULL,
  updated_by         VARCHAR2(255)       NULL
);

CREATE INDEX idx_rc_recipeid ON tb_recipe_comment (recipe_id);
CREATE INDEX idx_rc_userid ON tb_recipe_comment (user_id);

/* ===== tb_sharetool ===== */
CREATE TABLE tb_sharetool (
  sharetool_id       NUMBER GENERATED BY DEFAULT ON NULL AS IDENTITY PRIMARY KEY,
  user_id            VARCHAR2(255)       NOT NULL,
  sharetool_title    VARCHAR2(50)        NOT NULL,
  sharetool_product  VARCHAR2(255)       NOT NULL,
  sharetool_content  CLOB                NOT NULL,
  sharetool_status   VARCHAR2(50)        NOT NULL,
  sharetool_province VARCHAR2(50)        NOT NULL,
  sharetool_city     VARCHAR2(50)        NOT NULL,
  created_at         TIMESTAMP           DEFAULT SYSTIMESTAMP NOT NULL,
  created_by         VARCHAR2(255)       NOT NULL,
  updated_at         TIMESTAMP           NULL,
  updated_by         VARCHAR2(255)       NULL
);

CREATE INDEX idx_sharetool_prov_city ON tb_sharetool (sharetool_province, sharetool_city);
CREATE INDEX idx_sharetool_status ON tb_sharetool (sharetool_status);

COMMENT ON COLUMN tb_sharetool.sharetool_title IS '제품 카테고리 (예: 전자레인지, TV, 냄비, 후라이팬)';
COMMENT ON COLUMN tb_sharetool.sharetool_product IS '제품 상세이름 (예: LG 디오스 23L 전자레인지)';

/* ===== tb_sharetool_image ===== */
CREATE TABLE tb_sharetool_image (
  sharetool_image_id NUMBER GENERATED BY DEFAULT ON NULL AS IDENTITY PRIMARY KEY,
  sharetool_id       NUMBER               NOT NULL,
  sharetool_image_url VARCHAR2(500)      NOT NULL,
  sharetool_image_path VARCHAR2(500)     NOT NULL,
  sharetool_image_index NUMBER             NOT NULL,
  created_at         TIMESTAMP           DEFAULT SYSTIMESTAMP NOT NULL,
  created_by         VARCHAR2(255)       NOT NULL,
  updated_at         TIMESTAMP           NULL,
  updated_by         VARCHAR2(255)       NULL,
  CONSTRAINT ux_sti_sharetool_index UNIQUE (sharetool_id, sharetool_image_index)
);

CREATE INDEX idx_sti_sharetoolid ON tb_sharetool_image (sharetool_id);

/* ===== tb_conv_review ===== */
CREATE TABLE tb_conv_review (
  conv_review_id      NUMBER GENERATED BY DEFAULT ON NULL AS IDENTITY PRIMARY KEY,
  user_id             VARCHAR2(255)       NOT NULL,
  conv_review_title   VARCHAR2(255)       NOT NULL,
  conv_review_content CLOB                NOT NULL,
  conv_review_price   NUMBER              NULL,
  conv_review_store   VARCHAR2(20)        NOT NULL,
  conv_review_category VARCHAR2(20)       NOT NULL,
  created_at          TIMESTAMP           DEFAULT SYSTIMESTAMP NOT NULL,
  created_by          VARCHAR2(255)       NOT NULL,
  updated_at          TIMESTAMP           NULL,
  updated_by          VARCHAR2(255)       NULL
);

CREATE INDEX idx_cr_userid ON tb_conv_review (user_id);
CREATE INDEX idx_cr_store ON tb_conv_review (conv_review_store);
CREATE INDEX idx_cr_category ON tb_conv_review (conv_review_category);

COMMENT ON COLUMN tb_conv_review.conv_review_store IS '편의점 종류 (GS25, 세븐일레븐, CU, 이마트24)';
COMMENT ON COLUMN tb_conv_review.conv_review_category IS '제품 분류 (식사류, 간식류, 음료(주)류)';

/* conv_review image/comment (유사 패턴) */
CREATE TABLE tb_conv_review_image (
  conv_review_image_id NUMBER GENERATED BY DEFAULT ON NULL AS IDENTITY PRIMARY KEY,
  conv_review_id       NUMBER               NOT NULL,
  conv_review_image_url VARCHAR2(500)      NOT NULL,
  conv_review_image_path VARCHAR2(500)     NOT NULL,
  conv_review_image_index NUMBER             NOT NULL,
  created_at           TIMESTAMP           DEFAULT SYSTIMESTAMP NOT NULL,
  created_by           VARCHAR2(255)       NOT NULL,
  updated_at           TIMESTAMP           NULL,
  updated_by           VARCHAR2(255)       NULL,
  CONSTRAINT ux_cri_conv_review_index UNIQUE (conv_review_id, conv_review_image_index)
);

CREATE TABLE tb_conv_review_comment (
  conv_review_comment_id NUMBER GENERATED BY DEFAULT ON NULL AS IDENTITY PRIMARY KEY,
  conv_review_id         NUMBER               NOT NULL,
  user_id                VARCHAR2(255)       NOT NULL,
  conv_review_comment_content VARCHAR2(500) NOT NULL,
  created_at             TIMESTAMP           DEFAULT SYSTIMESTAMP NOT NULL,
  created_by             VARCHAR2(255)       NOT NULL,
  updated_at             TIMESTAMP           NULL,
  updated_by             VARCHAR2(255)       NULL
);

/* ===== tb_conv_comb (편의점 꿀조합) ===== */
CREATE TABLE tb_conv_comb (
  conv_comb_id         NUMBER GENERATED BY DEFAULT ON NULL AS IDENTITY PRIMARY KEY,
  user_id              VARCHAR2(255)       NOT NULL,
  conv_comb_title      VARCHAR2(255)       NOT NULL,
  conv_comb_main_product VARCHAR2(255)     NOT NULL,
  conv_comb_category   VARCHAR2(20)        NOT NULL,
  conv_comb_tip        CLOB                NOT NULL,
  created_at           TIMESTAMP           DEFAULT SYSTIMESTAMP NOT NULL,
  created_by           VARCHAR2(255)       NOT NULL,
  updated_at           TIMESTAMP           NULL,
  updated_by           VARCHAR2(255)       NULL
);

CREATE INDEX idx_cc_userid ON tb_conv_comb (user_id);
CREATE INDEX idx_cc_category ON tb_conv_comb (conv_comb_category);

COMMENT ON COLUMN tb_conv_comb.conv_comb_title IS '요리이름 (예: 불닭떡볶이)';
COMMENT ON COLUMN tb_conv_comb.conv_comb_main_product IS '핵심제품 (예: 불닭볶음면)';
COMMENT ON COLUMN tb_conv_comb.conv_comb_category IS '분류 (식사류, 간식류, 음료(주)류)';
COMMENT ON COLUMN tb_conv_comb.conv_comb_tip IS '팁 & 후기 (최대 500자)';

/* ===== tb_conv_comb_product (상세 준비 제품) ===== */
CREATE TABLE tb_conv_comb_product (
  conv_comb_product_id  NUMBER GENERATED BY DEFAULT ON NULL AS IDENTITY PRIMARY KEY,
  conv_comb_id          NUMBER               NOT NULL,
  conv_comb_product_content VARCHAR2(150)   NOT NULL,
  conv_comb_product_index   NUMBER           NOT NULL,
  created_at            TIMESTAMP           DEFAULT SYSTIMESTAMP NOT NULL,
  created_by            VARCHAR2(255)       NOT NULL,
  updated_at            TIMESTAMP           NULL,
  updated_by            VARCHAR2(255)       NULL
);

CREATE INDEX idx_ccp_combid ON tb_conv_comb_product (conv_comb_id);

/* ===== tb_conv_comb_recipe (레시피 순서) ===== */
CREATE TABLE tb_conv_comb_recipe (
  conv_comb_recipe_id   NUMBER GENERATED BY DEFAULT ON NULL AS IDENTITY PRIMARY KEY,
  conv_comb_id          NUMBER               NOT NULL,
  conv_comb_recipe_content VARCHAR2(150)    NOT NULL,
  conv_comb_recipe_index   NUMBER            NOT NULL,
  created_at            TIMESTAMP           DEFAULT SYSTIMESTAMP NOT NULL,
  created_by            VARCHAR2(255)       NOT NULL,
  updated_at            TIMESTAMP           NULL,
  updated_by            VARCHAR2(255)       NULL
);

CREATE INDEX idx_ccr_combid ON tb_conv_comb_recipe (conv_comb_id);

/* ===== tb_conv_comb_image (이미지) ===== */
CREATE TABLE tb_conv_comb_image (
  conv_comb_image_id    NUMBER GENERATED BY DEFAULT ON NULL AS IDENTITY PRIMARY KEY,
  conv_comb_id          NUMBER               NOT NULL,
  conv_comb_image_url   VARCHAR2(500)       NOT NULL,
  conv_comb_image_path  VARCHAR2(500)       NOT NULL,
  conv_comb_image_index NUMBER               NOT NULL,
  created_at            TIMESTAMP           DEFAULT SYSTIMESTAMP NOT NULL,
  created_by            VARCHAR2(255)       NOT NULL,
  updated_at            TIMESTAMP           NULL,
  updated_by            VARCHAR2(255)       NULL,
  CONSTRAINT ux_cci_conv_comb_index UNIQUE (conv_comb_id, conv_comb_image_index)
);

CREATE INDEX idx_cci_combid ON tb_conv_comb_image (conv_comb_id);

/* ===== tb_conv_comb_comment (댓글) ===== */
CREATE TABLE tb_conv_comb_comment (
  conv_comb_comment_id  NUMBER GENERATED BY DEFAULT ON NULL AS IDENTITY PRIMARY KEY,
  conv_comb_id          NUMBER               NOT NULL,
  user_id               VARCHAR2(255)       NOT NULL,
  conv_comb_comment_content VARCHAR2(500)   NOT NULL,
  created_at            TIMESTAMP           DEFAULT SYSTIMESTAMP NOT NULL,
  created_by            VARCHAR2(255)       NOT NULL,
  updated_at            TIMESTAMP           NULL,
  updated_by            VARCHAR2(255)       NULL
);

CREATE INDEX idx_ccc_combid ON tb_conv_comb_comment (conv_comb_id);
CREATE INDEX idx_ccc_userid ON tb_conv_comb_comment (user_id);

/* ===== tb_withshopping ===== */
CREATE TABLE tb_withshopping (
  withshopping_id     NUMBER GENERATED BY DEFAULT ON NULL AS IDENTITY PRIMARY KEY,
  user_id             VARCHAR2(255)       NOT NULL,
  withshopping_title  VARCHAR2(255)       NOT NULL,
  withshopping_content CLOB               NOT NULL,
  withshopping_status VARCHAR2(50)        NOT NULL,
  withshopping_si     VARCHAR2(50)        NOT NULL,
  withshopping_gu     VARCHAR2(50)        NOT NULL,
  created_at          TIMESTAMP           DEFAULT SYSTIMESTAMP NOT NULL,
  created_by          VARCHAR2(255)       NOT NULL,
  updated_at          TIMESTAMP           NULL,
  updated_by          VARCHAR2(255)       NULL
);

CREATE INDEX idx_ws_region ON tb_withshopping (withshopping_si, withshopping_gu);
CREATE INDEX idx_ws_status ON tb_withshopping (withshopping_status);

/* ===== tb_freeboard ===== */
CREATE TABLE tb_freeboard (
  freeboard_id        NUMBER GENERATED BY DEFAULT ON NULL AS IDENTITY PRIMARY KEY,
  user_id             VARCHAR2(255)       NOT NULL,
  freeboard_title     VARCHAR2(255)       NOT NULL,
  freeboard_content   CLOB                NOT NULL,
  created_at          TIMESTAMP           DEFAULT SYSTIMESTAMP NOT NULL,
  created_by          VARCHAR2(255)       NOT NULL,
  updated_at          TIMESTAMP           NULL,
  updated_by          VARCHAR2(255)       NULL
);

CREATE INDEX idx_fb_userid ON tb_freeboard (user_id);

/* ===== tb_freeboard_comment ===== */
CREATE TABLE tb_freeboard_comment (
  freeboard_comment_id  NUMBER GENERATED BY DEFAULT ON NULL AS IDENTITY PRIMARY KEY,
  freeboard_id          NUMBER               NOT NULL,
  user_id               VARCHAR2(255)       NOT NULL,
  freeboard_comment_content VARCHAR2(500)   NOT NULL,
  created_at            TIMESTAMP           DEFAULT SYSTIMESTAMP NOT NULL,
  created_by            VARCHAR2(255)       NOT NULL,
  updated_at            TIMESTAMP           NULL,
  updated_by            VARCHAR2(255)       NULL
);

CREATE INDEX idx_fbc_freeboard ON tb_freeboard_comment (freeboard_id);
CREATE INDEX idx_fbc_userid ON tb_freeboard_comment (user_id);

/* ===== tb_report (공용 신고 테이블) ===== */
CREATE TABLE tb_report (
  report_id         NUMBER GENERATED BY DEFAULT ON NULL AS IDENTITY PRIMARY KEY,
  user_id           VARCHAR2(255)       NOT NULL,
  report_type       VARCHAR2(20)        NOT NULL,
  board_type        VARCHAR2(50)        NOT NULL,
  target_id         NUMBER               NOT NULL,
  report_content    VARCHAR2(500)       NOT NULL,
  report_status     VARCHAR2(50)        DEFAULT 'OPEN',
  processed_by      VARCHAR2(255)       NULL,
  processed_at      TIMESTAMP           NULL,
  created_at        TIMESTAMP           DEFAULT SYSTIMESTAMP NOT NULL,
  created_by        VARCHAR2(255)       NOT NULL,
  updated_at        TIMESTAMP           NULL,
  updated_by        VARCHAR2(255)       NULL
);

CREATE INDEX idx_report_user ON tb_report (user_id);
CREATE INDEX idx_report_type_board_target ON tb_report (report_type, board_type, target_id);
CREATE INDEX idx_report_status ON tb_report (report_status);

COMMENT ON COLUMN tb_report.report_type IS '신고 대상 타입: POST(게시글), COMMENT(댓글)';
COMMENT ON COLUMN tb_report.board_type IS '게시판 타입: recipe, freeboard, sharetool, conv_review, withshopping';
COMMENT ON COLUMN tb_report.target_id IS '신고 대상 ID (post_id 또는 comment_id)';
COMMENT ON COLUMN tb_report.report_status IS '신고 상태: OPEN(접수), PROCESSING(처리중), RESOLVED(처리완료), REJECTED(기각)';

/* ===== tb_saved_posts (공용 저장/핀 테이블) ===== */
CREATE TABLE tb_saved_posts (
  saved_post_id     NUMBER GENERATED BY DEFAULT ON NULL AS IDENTITY PRIMARY KEY,
  user_id           VARCHAR2(255)       NOT NULL,
  board_type        VARCHAR2(50)        NOT NULL,
  post_id           NUMBER               NOT NULL,
  created_at        TIMESTAMP           DEFAULT SYSTIMESTAMP NOT NULL,
  created_by        VARCHAR2(255)       NOT NULL,
  updated_at        TIMESTAMP           NULL,
  updated_by        VARCHAR2(255)       NULL,
  CONSTRAINT ux_saved_posts UNIQUE (user_id, board_type, post_id)
);

CREATE INDEX idx_sp_user ON tb_saved_posts (user_id);
CREATE INDEX idx_sp_board_post ON tb_saved_posts (board_type, post_id);

COMMENT ON COLUMN tb_saved_posts.board_type IS '게시판 타입: recipe, freeboard, sharetool, conv_review (withshopping 제외 - 24시간 자동삭제)';

/* ===== tb_master_common / tb_common / tb_region ===== */
CREATE TABLE tb_master_common (
  master_code VARCHAR2(20) PRIMARY KEY,
  master_name VARCHAR2(50) NOT NULL
);

CREATE TABLE tb_common (
  code VARCHAR2(20) PRIMARY KEY,
  master_code VARCHAR2(20) NOT NULL,
  code_name VARCHAR2(50) NOT NULL
);

CREATE TABLE tb_region (
  city_code VARCHAR2(50) PRIMARY KEY,
  master_code VARCHAR2(20) NOT NULL,
  region_code VARCHAR2(50) NOT NULL,
  region_name VARCHAR2(50) NOT NULL,
  city_name VARCHAR2(50) NOT NULL
);

-- Sample inserts for master/common (load full lists separately, e.g. CSV via SQL*Loader)
INSERT INTO tb_master_common (master_code, master_name) VALUES ('A01', '나눔상태');
INSERT INTO tb_master_common (master_code, master_name) VALUES ('B01', '같이 장보기 상태');
INSERT INTO tb_master_common (master_code, master_name) VALUES ('C01', '지역');
INSERT INTO tb_master_common (master_code, master_name) VALUES ('D01', '편의점 종류');
INSERT INTO tb_master_common (master_code, master_name) VALUES ('F01', '제품 분류');

INSERT INTO tb_common (code, master_code, code_name) VALUES ('A0101', 'A01', '나눔중');
INSERT INTO tb_common (code, master_code, code_name) VALUES ('A0102', 'A01', '나눔완료');
INSERT INTO tb_common (code, master_code, code_name) VALUES ('B0101', 'B01', '모집중');
INSERT INTO tb_common (code, master_code, code_name) VALUES ('B0102', 'B01', '모집완료');
INSERT INTO tb_common (code, master_code, code_name) VALUES ('D0101', 'D01', 'GS25');
INSERT INTO tb_common (code, master_code, code_name) VALUES ('D0102', 'D01', '세븐일레븐');
INSERT INTO tb_common (code, master_code, code_name) VALUES ('D0103', 'D01', 'CU');
INSERT INTO tb_common (code, master_code, code_name) VALUES ('D0104', 'D01', '이마트24');
INSERT INTO tb_common (code, master_code, code_name) VALUES ('F0101', 'F01', '식사류');
INSERT INTO tb_common (code, master_code, code_name) VALUES ('F0102', 'F01', '간식류');
INSERT INTO tb_common (code, master_code, code_name) VALUES ('F0103', 'F01', '음료(주)류');

COMMENT ON TABLE tb_master_common IS '공통 코드 마스터 (대분류)';
COMMENT ON TABLE tb_common IS '공통 코드 상세 (실제 사용 코드)';
COMMENT ON TABLE tb_region IS '지역 데이터 (시/도, 시/군/구)';

-- TB_REGION: 전국 시/도, 시/군/구 데이터
-- 서울특별시
INSERT INTO tb_region (city_code, master_code, region_code, region_name, city_name) VALUES ('C010001', 'C01', 'C0100', '서울특별시', '종로구');
INSERT INTO tb_region (city_code, master_code, region_code, region_name, city_name) VALUES ('C010002', 'C01', 'C0100', '서울특별시', '중구');
INSERT INTO tb_region (city_code, master_code, region_code, region_name, city_name) VALUES ('C010003', 'C01', 'C0100', '서울특별시', '용산구');
INSERT INTO tb_region (city_code, master_code, region_code, region_name, city_name) VALUES ('C010004', 'C01', 'C0100', '서울특별시', '성동구');
INSERT INTO tb_region (city_code, master_code, region_code, region_name, city_name) VALUES ('C010005', 'C01', 'C0100', '서울특별시', '광진구');
INSERT INTO tb_region (city_code, master_code, region_code, region_name, city_name) VALUES ('C010006', 'C01', 'C0100', '서울특별시', '동대문구');
INSERT INTO tb_region (city_code, master_code, region_code, region_name, city_name) VALUES ('C010007', 'C01', 'C0100', '서울특별시', '중랑구');
INSERT INTO tb_region (city_code, master_code, region_code, region_name, city_name) VALUES ('C010008', 'C01', 'C0100', '서울특별시', '성북구');
INSERT INTO tb_region (city_code, master_code, region_code, region_name, city_name) VALUES ('C010009', 'C01', 'C0100', '서울특별시', '강북구');
INSERT INTO tb_region (city_code, master_code, region_code, region_name, city_name) VALUES ('C010010', 'C01', 'C0100', '서울특별시', '도봉구');
INSERT INTO tb_region (city_code, master_code, region_code, region_name, city_name) VALUES ('C010011', 'C01', 'C0100', '서울특별시', '노원구');
INSERT INTO tb_region (city_code, master_code, region_code, region_name, city_name) VALUES ('C010012', 'C01', 'C0100', '서울특별시', '은평구');
INSERT INTO tb_region (city_code, master_code, region_code, region_name, city_name) VALUES ('C010013', 'C01', 'C0100', '서울특별시', '서대문구');
INSERT INTO tb_region (city_code, master_code, region_code, region_name, city_name) VALUES ('C010014', 'C01', 'C0100', '서울특별시', '마포구');
INSERT INTO tb_region (city_code, master_code, region_code, region_name, city_name) VALUES ('C010015', 'C01', 'C0100', '서울특별시', '양천구');
INSERT INTO tb_region (city_code, master_code, region_code, region_name, city_name) VALUES ('C010016', 'C01', 'C0100', '서울특별시', '강서구');
INSERT INTO tb_region (city_code, master_code, region_code, region_name, city_name) VALUES ('C010017', 'C01', 'C0100', '서울특별시', '구로구');
INSERT INTO tb_region (city_code, master_code, region_code, region_name, city_name) VALUES ('C010018', 'C01', 'C0100', '서울특별시', '금천구');
INSERT INTO tb_region (city_code, master_code, region_code, region_name, city_name) VALUES ('C010019', 'C01', 'C0100', '서울특별시', '영등포구');
INSERT INTO tb_region (city_code, master_code, region_code, region_name, city_name) VALUES ('C010020', 'C01', 'C0100', '서울특별시', '동작구');
INSERT INTO tb_region (city_code, master_code, region_code, region_name, city_name) VALUES ('C010021', 'C01', 'C0100', '서울특별시', '관악구');
INSERT INTO tb_region (city_code, master_code, region_code, region_name, city_name) VALUES ('C010022', 'C01', 'C0100', '서울특별시', '서초구');
INSERT INTO tb_region (city_code, master_code, region_code, region_name, city_name) VALUES ('C010023', 'C01', 'C0100', '서울특별시', '강남구');
INSERT INTO tb_region (city_code, master_code, region_code, region_name, city_name) VALUES ('C010024', 'C01', 'C0100', '서울특별시', '송파구');
INSERT INTO tb_region (city_code, master_code, region_code, region_name, city_name) VALUES ('C010025', 'C01', 'C0100', '서울특별시', '강동구');

-- 경기도
INSERT INTO tb_region (city_code, master_code, region_code, region_name, city_name) VALUES ('C010101', 'C01', 'C0101', '경기도', '고양시');
INSERT INTO tb_region (city_code, master_code, region_code, region_name, city_name) VALUES ('C010102', 'C01', 'C0101', '경기도', '과천시');
INSERT INTO tb_region (city_code, master_code, region_code, region_name, city_name) VALUES ('C010103', 'C01', 'C0101', '경기도', '광명시');
INSERT INTO tb_region (city_code, master_code, region_code, region_name, city_name) VALUES ('C010104', 'C01', 'C0101', '경기도', '광주시');
INSERT INTO tb_region (city_code, master_code, region_code, region_name, city_name) VALUES ('C010105', 'C01', 'C0101', '경기도', '구리시');
INSERT INTO tb_region (city_code, master_code, region_code, region_name, city_name) VALUES ('C010106', 'C01', 'C0101', '경기도', '군포시');
INSERT INTO tb_region (city_code, master_code, region_code, region_name, city_name) VALUES ('C010107', 'C01', 'C0101', '경기도', '김포시');
INSERT INTO tb_region (city_code, master_code, region_code, region_name, city_name) VALUES ('C010108', 'C01', 'C0101', '경기도', '남양주시');
INSERT INTO tb_region (city_code, master_code, region_code, region_name, city_name) VALUES ('C010109', 'C01', 'C0101', '경기도', '동두천시');
INSERT INTO tb_region (city_code, master_code, region_code, region_name, city_name) VALUES ('C010110', 'C01', 'C0101', '경기도', '부천시');
INSERT INTO tb_region (city_code, master_code, region_code, region_name, city_name) VALUES ('C010111', 'C01', 'C0101', '경기도', '성남시');
INSERT INTO tb_region (city_code, master_code, region_code, region_name, city_name) VALUES ('C010112', 'C01', 'C0101', '경기도', '수원시');
INSERT INTO tb_region (city_code, master_code, region_code, region_name, city_name) VALUES ('C010113', 'C01', 'C0101', '경기도', '시흥시');
INSERT INTO tb_region (city_code, master_code, region_code, region_name, city_name) VALUES ('C010114', 'C01', 'C0101', '경기도', '안산시');
INSERT INTO tb_region (city_code, master_code, region_code, region_name, city_name) VALUES ('C010115', 'C01', 'C0101', '경기도', '안성시');
INSERT INTO tb_region (city_code, master_code, region_code, region_name, city_name) VALUES ('C010116', 'C01', 'C0101', '경기도', '안양시');
INSERT INTO tb_region (city_code, master_code, region_code, region_name, city_name) VALUES ('C010117', 'C01', 'C0101', '경기도', '여주시');
INSERT INTO tb_region (city_code, master_code, region_code, region_name, city_name) VALUES ('C010118', 'C01', 'C0101', '경기도', '오산시');
INSERT INTO tb_region (city_code, master_code, region_code, region_name, city_name) VALUES ('C010119', 'C01', 'C0101', '경기도', '용인시');
INSERT INTO tb_region (city_code, master_code, region_code, region_name, city_name) VALUES ('C010120', 'C01', 'C0101', '경기도', '의왕시');
INSERT INTO tb_region (city_code, master_code, region_code, region_name, city_name) VALUES ('C010121', 'C01', 'C0101', '경기도', '의정부시');
INSERT INTO tb_region (city_code, master_code, region_code, region_name, city_name) VALUES ('C010122', 'C01', 'C0101', '경기도', '이천시');
INSERT INTO tb_region (city_code, master_code, region_code, region_name, city_name) VALUES ('C010123', 'C01', 'C0101', '경기도', '파주시');
INSERT INTO tb_region (city_code, master_code, region_code, region_name, city_name) VALUES ('C010124', 'C01', 'C0101', '경기도', '평택시');
INSERT INTO tb_region (city_code, master_code, region_code, region_name, city_name) VALUES ('C010125', 'C01', 'C0101', '경기도', '포천시');
INSERT INTO tb_region (city_code, master_code, region_code, region_name, city_name) VALUES ('C010126', 'C01', 'C0101', '경기도', '하남시');
INSERT INTO tb_region (city_code, master_code, region_code, region_name, city_name) VALUES ('C010127', 'C01', 'C0101', '경기도', '화성시');
INSERT INTO tb_region (city_code, master_code, region_code, region_name, city_name) VALUES ('C010128', 'C01', 'C0101', '경기도', '가평군');
INSERT INTO tb_region (city_code, master_code, region_code, region_name, city_name) VALUES ('C010129', 'C01', 'C0101', '경기도', '양평군');
INSERT INTO tb_region (city_code, master_code, region_code, region_name, city_name) VALUES ('C010130', 'C01', 'C0101', '경기도', '연천군');
INSERT INTO tb_region (city_code, master_code, region_code, region_name, city_name) VALUES ('C010201', 'C01', 'C0102', '강원도', '춘천시');
INSERT INTO tb_region (city_code, master_code, region_code, region_name, city_name) VALUES ('C010202', 'C01', 'C0102', '강원도', '원주시');
INSERT INTO tb_region (city_code, master_code, region_code, region_name, city_name) VALUES ('C010203', 'C01', 'C0102', '강원도', '강릉시');
INSERT INTO tb_region (city_code, master_code, region_code, region_name, city_name) VALUES ('C010204', 'C01', 'C0102', '강원도', '동해시');
INSERT INTO tb_region (city_code, master_code, region_code, region_name, city_name) VALUES ('C010205', 'C01', 'C0102', '강원도', '태백시');
INSERT INTO tb_region (city_code, master_code, region_code, region_name, city_name) VALUES ('C010206', 'C01', 'C0102', '강원도', '속초시');
INSERT INTO tb_region (city_code, master_code, region_code, region_name, city_name) VALUES ('C010207', 'C01', 'C0102', '강원도', '삼척시');
INSERT INTO tb_region (city_code, master_code, region_code, region_name, city_name) VALUES ('C010208', 'C01', 'C0102', '강원도', '홍천군');
INSERT INTO tb_region (city_code, master_code, region_code, region_name, city_name) VALUES ('C010209', 'C01', 'C0102', '강원도', '횡성군');
INSERT INTO tb_region (city_code, master_code, region_code, region_name, city_name) VALUES ('C010210', 'C01', 'C0102', '강원도', '영월군');
INSERT INTO tb_region (city_code, master_code, region_code, region_name, city_name) VALUES ('C010211', 'C01', 'C0102', '강원도', '평창군');
INSERT INTO tb_region (city_code, master_code, region_code, region_name, city_name) VALUES ('C010212', 'C01', 'C0102', '강원도', '정선군');
INSERT INTO tb_region (city_code, master_code, region_code, region_name, city_name) VALUES ('C010213', 'C01', 'C0102', '강원도', '철원군');
INSERT INTO tb_region (city_code, master_code, region_code, region_name, city_name) VALUES ('C010214', 'C01', 'C0102', '강원도', '화천군');
INSERT INTO tb_region (city_code, master_code, region_code, region_name, city_name) VALUES ('C010215', 'C01', 'C0102', '강원도', '양구군');
INSERT INTO tb_region (city_code, master_code, region_code, region_name, city_name) VALUES ('C010216', 'C01', 'C0102', '강원도', '인제군');
INSERT INTO tb_region (city_code, master_code, region_code, region_name, city_name) VALUES ('C010217', 'C01', 'C0102', '강원도', '고성군');
INSERT INTO tb_region (city_code, master_code, region_code, region_name, city_name) VALUES ('C010218', 'C01', 'C0102', '강원도', '양양군');
INSERT INTO tb_region (city_code, master_code, region_code, region_name, city_name) VALUES ('C010301', 'C01', 'C0103', '충청북도', '청주시');
INSERT INTO tb_region (city_code, master_code, region_code, region_name, city_name) VALUES ('C010302', 'C01', 'C0103', '충청북도', '충주시');
INSERT INTO tb_region (city_code, master_code, region_code, region_name, city_name) VALUES ('C010303', 'C01', 'C0103', '충청북도', '제천시');
INSERT INTO tb_region (city_code, master_code, region_code, region_name, city_name) VALUES ('C010304', 'C01', 'C0103', '충청북도', '보은군');
INSERT INTO tb_region (city_code, master_code, region_code, region_name, city_name) VALUES ('C010305', 'C01', 'C0103', '충청북도', '옥천군');
INSERT INTO tb_region (city_code, master_code, region_code, region_name, city_name) VALUES ('C010306', 'C01', 'C0103', '충청북도', '영동군');
INSERT INTO tb_region (city_code, master_code, region_code, region_name, city_name) VALUES ('C010307', 'C01', 'C0103', '충청북도', '증평군');
INSERT INTO tb_region (city_code, master_code, region_code, region_name, city_name) VALUES ('C010308', 'C01', 'C0103', '충청북도', '진천군');
INSERT INTO tb_region (city_code, master_code, region_code, region_name, city_name) VALUES ('C010309', 'C01', 'C0103', '충청북도', '괴산군');
INSERT INTO tb_region (city_code, master_code, region_code, region_name, city_name) VALUES ('C010310', 'C01', 'C0103', '충청북도', '음성군');
INSERT INTO tb_region (city_code, master_code, region_code, region_name, city_name) VALUES ('C010311', 'C01', 'C0103', '충청북도', '단양군');
INSERT INTO tb_region (city_code, master_code, region_code, region_name, city_name) VALUES ('C010401', 'C01', 'C0104', '충청남도', '천안시');
INSERT INTO tb_region (city_code, master_code, region_code, region_name, city_name) VALUES ('C010402', 'C01', 'C0104', '충청남도', '공주시');
INSERT INTO tb_region (city_code, master_code, region_code, region_name, city_name) VALUES ('C010403', 'C01', 'C0104', '충청남도', '보령시');
INSERT INTO tb_region (city_code, master_code, region_code, region_name, city_name) VALUES ('C010404', 'C01', 'C0104', '충청남도', '아산시');
INSERT INTO tb_region (city_code, master_code, region_code, region_name, city_name) VALUES ('C010405', 'C01', 'C0104', '충청남도', '서산시');
INSERT INTO tb_region (city_code, master_code, region_code, region_name, city_name) VALUES ('C010406', 'C01', 'C0104', '충청남도', '논산시');
INSERT INTO tb_region (city_code, master_code, region_code, region_name, city_name) VALUES ('C010407', 'C01', 'C0104', '충청남도', '계룡시');
INSERT INTO tb_region (city_code, master_code, region_code, region_name, city_name) VALUES ('C010408', 'C01', 'C0104', '충청남도', '당진시');
INSERT INTO tb_region (city_code, master_code, region_code, region_name, city_name) VALUES ('C010409', 'C01', 'C0104', '충청남도', '금산군');
INSERT INTO tb_region (city_code, master_code, region_code, region_name, city_name) VALUES ('C010410', 'C01', 'C0104', '충청남도', '부여군');
INSERT INTO tb_region (city_code, master_code, region_code, region_name, city_name) VALUES ('C010411', 'C01', 'C0104', '충청남도', '서천군');
INSERT INTO tb_region (city_code, master_code, region_code, region_name, city_name) VALUES ('C010412', 'C01', 'C0104', '충청남도', '청양군');
INSERT INTO tb_region (city_code, master_code, region_code, region_name, city_name) VALUES ('C010413', 'C01', 'C0104', '충청남도', '예산군');
INSERT INTO tb_region (city_code, master_code, region_code, region_name, city_name) VALUES ('C010414', 'C01', 'C0104', '충청남도', '태안군');
INSERT INTO tb_region (city_code, master_code, region_code, region_name, city_name) VALUES ('C010501', 'C01', 'C0105', '전라북도', '전주시');
INSERT INTO tb_region (city_code, master_code, region_code, region_name, city_name) VALUES ('C010502', 'C01', 'C0105', '전라북도', '익산시');
INSERT INTO tb_region (city_code, master_code, region_code, region_name, city_name) VALUES ('C010503', 'C01', 'C0105', '전라북도', '군산시');
INSERT INTO tb_region (city_code, master_code, region_code, region_name, city_name) VALUES ('C010504', 'C01', 'C0105', '전라북도', '정읍시');
INSERT INTO tb_region (city_code, master_code, region_code, region_name, city_name) VALUES ('C010505', 'C01', 'C0105', '전라북도', '남원시');
INSERT INTO tb_region (city_code, master_code, region_code, region_name, city_name) VALUES ('C010506', 'C01', 'C0105', '전라북도', '김제시');
INSERT INTO tb_region (city_code, master_code, region_code, region_name, city_name) VALUES ('C010507', 'C01', 'C0105', '전라북도', '완주군');
INSERT INTO tb_region (city_code, master_code, region_code, region_name, city_name) VALUES ('C010508', 'C01', 'C0105', '전라북도', '진안군');
INSERT INTO tb_region (city_code, master_code, region_code, region_name, city_name) VALUES ('C010509', 'C01', 'C0105', '전라북도', '무주군');
INSERT INTO tb_region (city_code, master_code, region_code, region_name, city_name) VALUES ('C010510', 'C01', 'C0105', '전라북도', '장수군');
INSERT INTO tb_region (city_code, master_code, region_code, region_name, city_name) VALUES ('C010511', 'C01', 'C0105', '전라북도', '임실군');
INSERT INTO tb_region (city_code, master_code, region_code, region_name, city_name) VALUES ('C010512', 'C01', 'C0105', '전라북도', '순창군');
INSERT INTO tb_region (city_code, master_code, region_code, region_name, city_name) VALUES ('C010513', 'C01', 'C0105', '전라북도', '고창군');
INSERT INTO tb_region (city_code, master_code, region_code, region_name, city_name) VALUES ('C010514', 'C01', 'C0105', '전라북도', '부안군');
INSERT INTO tb_region (city_code, master_code, region_code, region_name, city_name) VALUES ('C010601', 'C01', 'C0106', '전라남도', '목포시');
INSERT INTO tb_region (city_code, master_code, region_code, region_name, city_name) VALUES ('C010602', 'C01', 'C0106', '전라남도', '여수시');
INSERT INTO tb_region (city_code, master_code, region_code, region_name, city_name) VALUES ('C010603', 'C01', 'C0106', '전라남도', '순천시');
INSERT INTO tb_region (city_code, master_code, region_code, region_name, city_name) VALUES ('C010604', 'C01', 'C0106', '전라남도', '나주시');
INSERT INTO tb_region (city_code, master_code, region_code, region_name, city_name) VALUES ('C010605', 'C01', 'C0106', '전라남도', '광양시');
INSERT INTO tb_region (city_code, master_code, region_code, region_name, city_name) VALUES ('C010606', 'C01', 'C0106', '전라남도', '담양군');
INSERT INTO tb_region (city_code, master_code, region_code, region_name, city_name) VALUES ('C010607', 'C01', 'C0106', '전라남도', '곡성군');
INSERT INTO tb_region (city_code, master_code, region_code, region_name, city_name) VALUES ('C010608', 'C01', 'C0106', '전라남도', '구례군');
INSERT INTO tb_region (city_code, master_code, region_code, region_name, city_name) VALUES ('C010609', 'C01', 'C0106', '전라남도', '고흥군');
INSERT INTO tb_region (city_code, master_code, region_code, region_name, city_name) VALUES ('C010610', 'C01', 'C0106', '전라남도', '보성군');
INSERT INTO tb_region (city_code, master_code, region_code, region_name, city_name) VALUES ('C010611', 'C01', 'C0106', '전라남도', '화순군');
INSERT INTO tb_region (city_code, master_code, region_code, region_name, city_name) VALUES ('C010612', 'C01', 'C0106', '전라남도', '장흥군');
INSERT INTO tb_region (city_code, master_code, region_code, region_name, city_name) VALUES ('C010613', 'C01', 'C0106', '전라남도', '강진군');
INSERT INTO tb_region (city_code, master_code, region_code, region_name, city_name) VALUES ('C010614', 'C01', 'C0106', '전라남도', '해남군');
INSERT INTO tb_region (city_code, master_code, region_code, region_name, city_name) VALUES ('C010615', 'C01', 'C0106', '전라남도', '영암군');
INSERT INTO tb_region (city_code, master_code, region_code, region_name, city_name) VALUES ('C010616', 'C01', 'C0106', '전라남도', '무안군');
INSERT INTO tb_region (city_code, master_code, region_code, region_name, city_name) VALUES ('C010617', 'C01', 'C0106', '전라남도', '함평군');
INSERT INTO tb_region (city_code, master_code, region_code, region_name, city_name) VALUES ('C010618', 'C01', 'C0106', '전라남도', '영광군');
INSERT INTO tb_region (city_code, master_code, region_code, region_name, city_name) VALUES ('C010619', 'C01', 'C0106', '전라남도', '장성군');
INSERT INTO tb_region (city_code, master_code, region_code, region_name, city_name) VALUES ('C010620', 'C01', 'C0106', '전라남도', '완도군');
INSERT INTO tb_region (city_code, master_code, region_code, region_name, city_name) VALUES ('C010621', 'C01', 'C0106', '전라남도', '진도군');
INSERT INTO tb_region (city_code, master_code, region_code, region_name, city_name) VALUES ('C010622', 'C01', 'C0106', '전라남도', '신안군');
INSERT INTO tb_region (city_code, master_code, region_code, region_name, city_name) VALUES ('C010701', 'C01', 'C0107', '경상북도', '포항시');
INSERT INTO tb_region (city_code, master_code, region_code, region_name, city_name) VALUES ('C010702', 'C01', 'C0107', '경상북도', '경주시');
INSERT INTO tb_region (city_code, master_code, region_code, region_name, city_name) VALUES ('C010703', 'C01', 'C0107', '경상북도', '김천시');
INSERT INTO tb_region (city_code, master_code, region_code, region_name, city_name) VALUES ('C010704', 'C01', 'C0107', '경상북도', '안동시');
INSERT INTO tb_region (city_code, master_code, region_code, region_name, city_name) VALUES ('C010705', 'C01', 'C0107', '경상북도', '구미시');
INSERT INTO tb_region (city_code, master_code, region_code, region_name, city_name) VALUES ('C010706', 'C01', 'C0107', '경상북도', '영주시');
INSERT INTO tb_region (city_code, master_code, region_code, region_name, city_name) VALUES ('C010707', 'C01', 'C0107', '경상북도', '영천시');
INSERT INTO tb_region (city_code, master_code, region_code, region_name, city_name) VALUES ('C010708', 'C01', 'C0107', '경상북도', '상주시');
INSERT INTO tb_region (city_code, master_code, region_code, region_name, city_name) VALUES ('C010709', 'C01', 'C0107', '경상북도', '문경시');
INSERT INTO tb_region (city_code, master_code, region_code, region_name, city_name) VALUES ('C010710', 'C01', 'C0107', '경상북도', '경산시');
INSERT INTO tb_region (city_code, master_code, region_code, region_name, city_name) VALUES ('C010711', 'C01', 'C0107', '경상북도', '의성군');
INSERT INTO tb_region (city_code, master_code, region_code, region_name, city_name) VALUES ('C010712', 'C01', 'C0107', '경상북도', '청송군');
INSERT INTO tb_region (city_code, master_code, region_code, region_name, city_name) VALUES ('C010713', 'C01', 'C0107', '경상북도', '영양군');
INSERT INTO tb_region (city_code, master_code, region_code, region_name, city_name) VALUES ('C010714', 'C01', 'C0107', '경상북도', '영덕군');
INSERT INTO tb_region (city_code, master_code, region_code, region_name, city_name) VALUES ('C010715', 'C01', 'C0107', '경상북도', '청도군');
INSERT INTO tb_region (city_code, master_code, region_code, region_name, city_name) VALUES ('C010716', 'C01', 'C0107', '경상북도', '고령군');
INSERT INTO tb_region (city_code, master_code, region_code, region_name, city_name) VALUES ('C010717', 'C01', 'C0107', '경상북도', '성주군');
INSERT INTO tb_region (city_code, master_code, region_code, region_name, city_name) VALUES ('C010718', 'C01', 'C0107', '경상북도', '칠곡군');
INSERT INTO tb_region (city_code, master_code, region_code, region_name, city_name) VALUES ('C010719', 'C01', 'C0107', '경상북도', '예천군');
INSERT INTO tb_region (city_code, master_code, region_code, region_name, city_name) VALUES ('C010720', 'C01', 'C0107', '경상북도', '봉화군');
INSERT INTO tb_region (city_code, master_code, region_code, region_name, city_name) VALUES ('C010721', 'C01', 'C0107', '경상북도', '울진군');
INSERT INTO tb_region (city_code, master_code, region_code, region_name, city_name) VALUES ('C010722', 'C01', 'C0107', '경상북도', '울릉군');
INSERT INTO tb_region (city_code, master_code, region_code, region_name, city_name) VALUES ('C010801', 'C01', 'C0108', '경상남도', '창원시');
INSERT INTO tb_region (city_code, master_code, region_code, region_name, city_name) VALUES ('C010802', 'C01', 'C0108', '경상남도', '김해시');
INSERT INTO tb_region (city_code, master_code, region_code, region_name, city_name) VALUES ('C010803', 'C01', 'C0108', '경상남도', '양산시');
INSERT INTO tb_region (city_code, master_code, region_code, region_name, city_name) VALUES ('C010804', 'C01', 'C0108', '경상남도', '거제시');
INSERT INTO tb_region (city_code, master_code, region_code, region_name, city_name) VALUES ('C010805', 'C01', 'C0108', '경상남도', '통영시');
INSERT INTO tb_region (city_code, master_code, region_code, region_name, city_name) VALUES ('C010806', 'C01', 'C0108', '경상남도', '사천시');
INSERT INTO tb_region (city_code, master_code, region_code, region_name, city_name) VALUES ('C010807', 'C01', 'C0108', '경상남도', '밀양시');
INSERT INTO tb_region (city_code, master_code, region_code, region_name, city_name) VALUES ('C010808', 'C01', 'C0108', '경상남도', '거창군');
INSERT INTO tb_region (city_code, master_code, region_code, region_name, city_name) VALUES ('C010809', 'C01', 'C0108', '경상남도', '함안군');
INSERT INTO tb_region (city_code, master_code, region_code, region_name, city_name) VALUES ('C010810', 'C01', 'C0108', '경상남도', '창녕군');
INSERT INTO tb_region (city_code, master_code, region_code, region_name, city_name) VALUES ('C010811', 'C01', 'C0108', '경상남도', '고성군');
INSERT INTO tb_region (city_code, master_code, region_code, region_name, city_name) VALUES ('C010812', 'C01', 'C0108', '경상남도', '하동군');
INSERT INTO tb_region (city_code, master_code, region_code, region_name, city_name) VALUES ('C010813', 'C01', 'C0108', '경상남도', '합천군');
INSERT INTO tb_region (city_code, master_code, region_code, region_name, city_name) VALUES ('C010814', 'C01', 'C0108', '경상남도', '남해군');
INSERT INTO tb_region (city_code, master_code, region_code, region_name, city_name) VALUES ('C010815', 'C01', 'C0108', '경상남도', '함양군');
INSERT INTO tb_region (city_code, master_code, region_code, region_name, city_name) VALUES ('C010816', 'C01', 'C0108', '경상남도', '산청군');
INSERT INTO tb_region (city_code, master_code, region_code, region_name, city_name) VALUES ('C010817', 'C01', 'C0108', '경상남도', '의령군');
INSERT INTO tb_region (city_code, master_code, region_code, region_name, city_name) VALUES ('C010901', 'C01', 'C0109', '제주특별자치도', '제주시');
INSERT INTO tb_region (city_code, master_code, region_code, region_name, city_name) VALUES ('C010902', 'C01', 'C0109', '제주특별자치도', '서귀포시');

-- 부산광역시
INSERT INTO tb_region (city_code, master_code, region_code, region_name, city_name) VALUES ('C011001', 'C01', 'C0110', '부산광역시', '중구');
INSERT INTO tb_region (city_code, master_code, region_code, region_name, city_name) VALUES ('C011002', 'C01', 'C0110', '부산광역시', '서구');
INSERT INTO tb_region (city_code, master_code, region_code, region_name, city_name) VALUES ('C011003', 'C01', 'C0110', '부산광역시', '동구');
INSERT INTO tb_region (city_code, master_code, region_code, region_name, city_name) VALUES ('C011004', 'C01', 'C0110', '부산광역시', '영도구');
INSERT INTO tb_region (city_code, master_code, region_code, region_name, city_name) VALUES ('C011005', 'C01', 'C0110', '부산광역시', '부산진구');
INSERT INTO tb_region (city_code, master_code, region_code, region_name, city_name) VALUES ('C011006', 'C01', 'C0110', '부산광역시', '동래구');
INSERT INTO tb_region (city_code, master_code, region_code, region_name, city_name) VALUES ('C011007', 'C01', 'C0110', '부산광역시', '남구');
INSERT INTO tb_region (city_code, master_code, region_code, region_name, city_name) VALUES ('C011008', 'C01', 'C0110', '부산광역시', '북구');
INSERT INTO tb_region (city_code, master_code, region_code, region_name, city_name) VALUES ('C011009', 'C01', 'C0110', '부산광역시', '해운대구');
INSERT INTO tb_region (city_code, master_code, region_code, region_name, city_name) VALUES ('C011010', 'C01', 'C0110', '부산광역시', '사하구');
INSERT INTO tb_region (city_code, master_code, region_code, region_name, city_name) VALUES ('C011011', 'C01', 'C0110', '부산광역시', '금정구');
INSERT INTO tb_region (city_code, master_code, region_code, region_name, city_name) VALUES ('C011012', 'C01', 'C0110', '부산광역시', '강서구');
INSERT INTO tb_region (city_code, master_code, region_code, region_name, city_name) VALUES ('C011013', 'C01', 'C0110', '부산광역시', '연제구');
INSERT INTO tb_region (city_code, master_code, region_code, region_name, city_name) VALUES ('C011014', 'C01', 'C0110', '부산광역시', '수영구');
INSERT INTO tb_region (city_code, master_code, region_code, region_name, city_name) VALUES ('C011015', 'C01', 'C0110', '부산광역시', '사상구');
INSERT INTO tb_region (city_code, master_code, region_code, region_name, city_name) VALUES ('C011016', 'C01', 'C0110', '부산광역시', '기장군');

-- 대구광역시
INSERT INTO tb_region (city_code, master_code, region_code, region_name, city_name) VALUES ('C011101', 'C01', 'C0111', '대구광역시', '중구');
INSERT INTO tb_region (city_code, master_code, region_code, region_name, city_name) VALUES ('C011102', 'C01', 'C0111', '대구광역시', '동구');
INSERT INTO tb_region (city_code, master_code, region_code, region_name, city_name) VALUES ('C011103', 'C01', 'C0111', '대구광역시', '서구');
INSERT INTO tb_region (city_code, master_code, region_code, region_name, city_name) VALUES ('C011104', 'C01', 'C0111', '대구광역시', '남구');
INSERT INTO tb_region (city_code, master_code, region_code, region_name, city_name) VALUES ('C011105', 'C01', 'C0111', '대구광역시', '북구');
INSERT INTO tb_region (city_code, master_code, region_code, region_name, city_name) VALUES ('C011106', 'C01', 'C0111', '대구광역시', '수성구');
INSERT INTO tb_region (city_code, master_code, region_code, region_name, city_name) VALUES ('C011107', 'C01', 'C0111', '대구광역시', '달서구');
INSERT INTO tb_region (city_code, master_code, region_code, region_name, city_name) VALUES ('C011108', 'C01', 'C0111', '대구광역시', '달성군');

-- 인천광역시
INSERT INTO tb_region (city_code, master_code, region_code, region_name, city_name) VALUES ('C011201', 'C01', 'C0112', '인천광역시', '중구');
INSERT INTO tb_region (city_code, master_code, region_code, region_name, city_name) VALUES ('C011202', 'C01', 'C0112', '인천광역시', '동구');
INSERT INTO tb_region (city_code, master_code, region_code, region_name, city_name) VALUES ('C011203', 'C01', 'C0112', '인천광역시', '미추홀구');
INSERT INTO tb_region (city_code, master_code, region_code, region_name, city_name) VALUES ('C011204', 'C01', 'C0112', '인천광역시', '연수구');
INSERT INTO tb_region (city_code, master_code, region_code, region_name, city_name) VALUES ('C011205', 'C01', 'C0112', '인천광역시', '남동구');
INSERT INTO tb_region (city_code, master_code, region_code, region_name, city_name) VALUES ('C011206', 'C01', 'C0112', '인천광역시', '부평구');
INSERT INTO tb_region (city_code, master_code, region_code, region_name, city_name) VALUES ('C011207', 'C01', 'C0112', '인천광역시', '계양구');
INSERT INTO tb_region (city_code, master_code, region_code, region_name, city_name) VALUES ('C011208', 'C01', 'C0112', '인천광역시', '서구');
INSERT INTO tb_region (city_code, master_code, region_code, region_name, city_name) VALUES ('C011209', 'C01', 'C0112', '인천광역시', '강화군');
INSERT INTO tb_region (city_code, master_code, region_code, region_name, city_name) VALUES ('C011210', 'C01', 'C0112', '인천광역시', '옹진군');

-- 광주광역시
INSERT INTO tb_region (city_code, master_code, region_code, region_name, city_name) VALUES ('C011301', 'C01', 'C0113', '광주광역시', '동구');
INSERT INTO tb_region (city_code, master_code, region_code, region_name, city_name) VALUES ('C011302', 'C01', 'C0113', '광주광역시', '서구');
INSERT INTO tb_region (city_code, master_code, region_code, region_name, city_name) VALUES ('C011303', 'C01', 'C0113', '광주광역시', '남구');
INSERT INTO tb_region (city_code, master_code, region_code, region_name, city_name) VALUES ('C011304', 'C01', 'C0113', '광주광역시', '북구');
INSERT INTO tb_region (city_code, master_code, region_code, region_name, city_name) VALUES ('C011305', 'C01', 'C0113', '광주광역시', '광산구');

-- 대전광역시
INSERT INTO tb_region (city_code, master_code, region_code, region_name, city_name) VALUES ('C011401', 'C01', 'C0114', '대전광역시', '동구');
INSERT INTO tb_region (city_code, master_code, region_code, region_name, city_name) VALUES ('C011402', 'C01', 'C0114', '대전광역시', '중구');
INSERT INTO tb_region (city_code, master_code, region_code, region_name, city_name) VALUES ('C011403', 'C01', 'C0114', '대전광역시', '서구');
INSERT INTO tb_region (city_code, master_code, region_code, region_name, city_name) VALUES ('C011404', 'C01', 'C0114', '대전광역시', '유성구');
INSERT INTO tb_region (city_code, master_code, region_code, region_name, city_name) VALUES ('C011405', 'C01', 'C0114', '대전광역시', '대덕구');

-- 울산광역시
INSERT INTO tb_region (city_code, master_code, region_code, region_name, city_name) VALUES ('C011501', 'C01', 'C0115', '울산광역시', '중구');
INSERT INTO tb_region (city_code, master_code, region_code, region_name, city_name) VALUES ('C011502', 'C01', 'C0115', '울산광역시', '남구');
INSERT INTO tb_region (city_code, master_code, region_code, region_name, city_name) VALUES ('C011503', 'C01', 'C0115', '울산광역시', '동구');
INSERT INTO tb_region (city_code, master_code, region_code, region_name, city_name) VALUES ('C011504', 'C01', 'C0115', '울산광역시', '북구');
INSERT INTO tb_region (city_code, master_code, region_code, region_name, city_name) VALUES ('C011505', 'C01', 'C0115', '울산광역시', '울주군');

-- 세종특별자치시
INSERT INTO tb_region (city_code, master_code, region_code, region_name, city_name) VALUES ('C011601', 'C01', 'C0116', '세종특별자치시', '세종시');

/* ===== tb_comment_notification (댓글 알림) ===== */
CREATE TABLE tb_comment_notification (
  comment_notification_id  NUMBER GENERATED BY DEFAULT ON NULL AS IDENTITY PRIMARY KEY,
  post_id                  NUMBER               NOT NULL,
  post_type                VARCHAR2(20)        NOT NULL,
  post_author_id           VARCHAR2(255)       NOT NULL,
  commenter_id             VARCHAR2(255)       NOT NULL,
  comment_id               NUMBER               NOT NULL,
  is_read                  CHAR(1)             DEFAULT 'N' NOT NULL,
  created_at               TIMESTAMP           DEFAULT SYSTIMESTAMP NOT NULL,
  created_by               VARCHAR2(255)       NOT NULL,
  CONSTRAINT chk_cn_is_read CHECK (is_read IN ('Y', 'N'))
);

CREATE INDEX idx_cn_author_read ON tb_comment_notification (post_author_id, is_read);
CREATE INDEX idx_cn_created_at ON tb_comment_notification (created_at);

COMMENT ON COLUMN tb_comment_notification.post_type IS '게시판 타입: recipe, freeboard, conv-review, conv-recipe, sharetool';
COMMENT ON COLUMN tb_comment_notification.post_author_id IS '게시글 작성자 (알림 받는 사람)';
COMMENT ON COLUMN tb_comment_notification.commenter_id IS '댓글 작성자';
COMMENT ON COLUMN tb_comment_notification.is_read IS '읽음 여부 (Y: 읽음, N: 읽지 않음)';
COMMENT ON TABLE tb_comment_notification IS '댓글 알림 테이블 (10일 경과 시 자동 삭제)';

/* ===== tb_chat_room_read (채팅방 읽음 기록) ===== */
CREATE TABLE tb_chat_room_read (
  chat_room_read_id  NUMBER GENERATED BY DEFAULT ON NULL AS IDENTITY PRIMARY KEY,
  chat_room_id       NUMBER          NOT NULL,
  user_id            VARCHAR2(255)   NOT NULL,
  last_read_at       TIMESTAMP       NOT NULL,
  CONSTRAINT uq_chat_read UNIQUE (chat_room_id, user_id)
);

CREATE INDEX idx_chat_read_user ON tb_chat_room_read (user_id, last_read_at);

COMMENT ON COLUMN tb_chat_room_read.last_read_at IS '마지막으로 채팅방을 확인한 시간';
COMMENT ON TABLE tb_chat_room_read IS '채팅방 읽음 기록 테이블';

/* ===== tb_chat_room (채팅방) ===== */
CREATE TABLE tb_chat_room (
  chat_room_id        NUMBER GENERATED BY DEFAULT ON NULL AS IDENTITY PRIMARY KEY,
  post_id             NUMBER               NOT NULL,
  post_type           VARCHAR2(20)        NOT NULL,
  owner_id            VARCHAR2(255)       NOT NULL,
  participant_id      VARCHAR2(255)       NOT NULL,
  room_status         VARCHAR2(20)        DEFAULT 'ACTIVE' NOT NULL,
  is_accepted         CHAR(1)             DEFAULT 'N',
  created_at          TIMESTAMP           DEFAULT SYSTIMESTAMP NOT NULL,
  created_by          VARCHAR2(255)       NOT NULL,
  updated_at          TIMESTAMP           NULL,
  updated_by          VARCHAR2(255)       NULL
);

CREATE INDEX idx_cr_owner ON tb_chat_room (owner_id);
CREATE INDEX idx_cr_participant ON tb_chat_room (participant_id);
CREATE INDEX idx_cr_post ON tb_chat_room (post_type, post_id);
CREATE UNIQUE INDEX ux_cr_post_users ON tb_chat_room (post_id, owner_id, participant_id);

COMMENT ON COLUMN tb_chat_room.post_type IS '게시판 타입 (sharetool, shopping)';
COMMENT ON COLUMN tb_chat_room.room_status IS '채팅방 상태 (ACTIVE: 활성, CLOSED: 종료)';
COMMENT ON COLUMN tb_chat_room.is_accepted IS '수락 여부 (Y/N)';

/* ===== tb_chat_message (채팅 메시지) ===== */
CREATE TABLE tb_chat_message (
  chat_message_id     NUMBER GENERATED BY DEFAULT ON NULL AS IDENTITY PRIMARY KEY,
  chat_room_id        NUMBER               NOT NULL,
  sender_id           VARCHAR2(255)       NOT NULL,
  message_content     VARCHAR2(1000)      NOT NULL,
  message_type        VARCHAR2(20)        DEFAULT 'TEXT',
  created_at          TIMESTAMP           DEFAULT SYSTIMESTAMP NOT NULL,
  created_by          VARCHAR2(255)       NOT NULL,
  updated_at          TIMESTAMP           NULL,
  updated_by          VARCHAR2(255)       NULL
);

CREATE INDEX idx_cm_room ON tb_chat_message (chat_room_id);
CREATE INDEX idx_cm_created ON tb_chat_message (created_at);

COMMENT ON COLUMN tb_chat_message.message_type IS '메시지 타입 (TEXT: 일반, ACCEPT: 수락, REJECT: 거절, EXIT: 퇴장, SYSTEM: 시스템)';

/* ===== tb_chat_room_hidden (채팅방 숨김) ===== */
CREATE TABLE tb_chat_room_hidden (
  hidden_id           NUMBER GENERATED BY DEFAULT ON NULL AS IDENTITY PRIMARY KEY,
  chat_room_id        NUMBER               NOT NULL,
  user_id             VARCHAR2(255)       NOT NULL,
  hidden_at           TIMESTAMP           DEFAULT SYSTIMESTAMP NOT NULL,
  CONSTRAINT ux_crh_room_user UNIQUE (chat_room_id, user_id)
);

CREATE INDEX idx_crh_user ON tb_chat_room_hidden (user_id);

COMMENT ON TABLE tb_chat_room_hidden IS '사용자별 채팅방 숨김 처리 (개별 관리)';

COMMIT;